{
  "train_losses": [
    5.589166641235352,
    5.6054487228393555,
    5.494747638702393,
    5.330580711364746,
    5.148949146270752,
    4.999733924865723,
    4.8769073486328125,
    4.706146240234375,
    4.593574523925781,
    4.34586238861084,
    4.784186363220215,
    4.4890947341918945,
    4.266596794128418,
    4.244620323181152,
    4.140814304351807,
    4.091843605041504,
    4.018080711364746,
    4.036862373352051,
    4.116117000579834,
    3.9489126205444336,
    4.0408124923706055,
    3.8467373847961426,
    3.9473929405212402,
    3.7990145683288574,
    3.9070324897766113,
    3.5924525260925293,
    3.766541004180908,
    3.70041823387146,
    3.7180867195129395,
    3.7887511253356934,
    3.580643653869629,
    3.4182093143463135,
    3.3021459579467773,
    3.6635687351226807,
    3.498778820037842,
    3.181288242340088,
    3.387463092803955,
    3.498441219329834,
    3.378236770629883,
    3.536534547805786,
    3.4725074768066406,
    3.467024803161621,
    3.4560048580169678,
    3.5314011573791504,
    3.4839181900024414,
    3.27759051322937,
    3.3947839736938477,
    3.1714792251586914,
    3.3344838619232178,
    3.346299171447754,
    3.4099361896514893,
    3.4450860023498535,
    3.3088319301605225,
    3.1362273693084717,
    3.0510401725769043,
    3.3963959217071533,
    3.2396302223205566,
    3.058356285095215,
    3.1881613731384277,
    3.289463520050049
  ],
  "val_losses": [
    5.573212782541911,
    3.887880881627401,
    3.3420344591140747
  ],
  "max_steps": 60,
  "eval_interval": 20,
  "best_val_loss": 3.3420344591140747
}