{
  "train_losses": [
    2.9812896251678467,
    2.6483170986175537
  ],
  "val_losses": [
    2.7230897426605223,
    2.67638521194458
  ],
  "max_steps": 200,
  "eval_interval": 20,
  "best_val_loss": 2.557881546020508
}