{
  "losses": [
    0.9541644256511989,
    0.63124527525962,
    0.46734742494227066,
    0.37626246632676175,
    0.2934386851588434,
    0.24459343247281295,
    0.18778383451605488,
    0.1520878712528373,
    0.1441513300380213,
    0.12060720257429478,
    0.1041508502432459,
    0.08312539959587478,
    0.08232669325602979,
    0.06102502536926736,
    0.0630044740393432,
    0.05935634674389153,
    0.04933343494897485,
    0.04236572884618109,
    0.03973931739014688,
    0.036039678737294745,
    0.04635611656507083,
    0.039780084818604025,
    0.03354680704965808,
    0.03582242989130246,
    0.035507489857233294,
    0.027508836615990337,
    0.028383678725645456,
    0.02986907688582667,
    0.02497060084565915,
    0.025692948204419398,
    0.030092900323377553,
    0.02984144476791572,
    0.022989188132825758,
    0.02702543897964603,
    0.023462290165138906,
    0.028872809742120482,
    0.022618596297702992,
    0.020526942227401423,
    0.024576710726360827,
    0.022625687629820534,
    0.02718739992206617,
    0.02216291196899923,
    0.023903122792639807,
    0.023502332227361887,
    0.028603705622653287,
    0.02887294239302709,
    0.02411734765883742,
    0.021907278755622824,
    0.023389198169349007,
    0.0262094083412051
  ],
  "ema_decays": [
    0.99,
    0.9902020408163266,
    0.990404081632653,
    0.9906061224489796,
    0.9908081632653061,
    0.9910102040816327,
    0.9912122448979592,
    0.9914142857142857,
    0.9916163265306123,
    0.9918183673469387,
    0.9920204081632653,
    0.9922224489795919,
    0.9924244897959184,
    0.9926265306122449,
    0.9928285714285714,
    0.993030612244898,
    0.9932326530612244,
    0.993434693877551,
    0.9936367346938776,
    0.993838775510204,
    0.9940408163265306,
    0.9942428571428571,
    0.9944448979591837,
    0.9946469387755102,
    0.9948489795918367,
    0.9950510204081633,
    0.9952530612244898,
    0.9954551020408163,
    0.9956571428571429,
    0.9958591836734694,
    0.996061224489796,
    0.9962632653061224,
    0.996465306122449,
    0.9966673469387756,
    0.996869387755102,
    0.9970714285714286,
    0.9972734693877551,
    0.9974755102040817,
    0.9976775510204081,
    0.9978795918367347,
    0.9980816326530613,
    0.9982836734693877,
    0.9984857142857143,
    0.9986877551020408,
    0.9988897959183674,
    0.9990918367346939,
    0.9992938775510204,
    0.999495918367347,
    0.9996979591836734,
    0.9999
  ],
  "config": {
    "img_size": 8,
    "patch_size": 4,
    "in_channels": 3,
    "embed_dim": 32,
    "depth": 2,
    "n_heads": 2,
    "predictor_depth": 2,
    "n_steps": 50,
    "batch_size": 16,
    "lr": 0.001
  },
  "summary": {
    "initial_loss": 0.9541644256511989,
    "final_loss": 0.0262094083412051,
    "min_loss": 0.020526942227401423,
    "loss_drop": 0.9279550173099937
  }
}